date,category,n_posts,mean_compound,bearish_share,bullish_share,neutral_share
2026-04-01,Econ Daily,24,-0.24440208333333335,0.4583333333333333,0.4583333333333333,0.08333333333333333
2026-04-01,Fed,2,-0.7248249999999999,0.5,0.5,0.0
2026-04-01,Growth,1,0.54,0.0,1.0,0.0
2026-04-01,Housing,2,0.29934999999999995,0.5,0.5,0.0
2026-04-01,Inflation,7,-0.5634,0.7142857142857143,0.0,0.2857142857142857
2026-04-01,Jobs & Economy,9,-0.055388888888888925,0.3333333333333333,0.6666666666666666,0.0
2026-04-01,Oil and energy,13,-0.21086538461538465,0.7692307692307693,0.15384615384615385,0.07692307692307693
2026-04-02,Econ Daily,23,-0.172354347826087,0.43478260869565216,0.4782608695652174,0.08695652173913043
2026-04-02,Fed,1,-0.6081,1.0,0.0,0.0
2026-04-02,GDP,1,0.38364999999999994,0.0,1.0,0.0
2026-04-02,Global Central Banks,1,0.6911,0.0,1.0,0.0
2026-04-02,Growth,4,-0.41466250000000004,0.75,0.25,0.0
2026-04-02,Inflation,10,-0.507055,0.7,0.2,0.1
2026-04-02,Jobs & Economy,9,-0.10082222222222222,0.3333333333333333,0.3333333333333333,0.3333333333333333
2026-04-02,Oil and energy,27,-0.4298592592592592,0.8148148148148148,0.14814814814814814,0.037037037037037035
2026-04-03,Econ Daily,15,-0.09676333333333335,0.4,0.4,0.2
2026-04-03,Fed,4,-0.07753750000000001,0.5,0.5,0.0
2026-04-03,GDP,3,0.27809999999999996,0.0,1.0,0.0
2026-04-03,Global Central Banks,2,-0.23157500000000003,1.0,0.0,0.0
2026-04-03,Growth,6,0.17306666666666662,0.16666666666666666,0.6666666666666666,0.16666666666666666
2026-04-03,Housing,1,0.39815,0.0,1.0,0.0
2026-04-03,Inflation,13,-0.30970384615384616,0.5384615384615384,0.46153846153846156,0.0
2026-04-03,Jobs & Economy,14,-0.2423321428571429,0.6428571428571429,0.21428571428571427,0.14285714285714285
2026-04-03,Oil and energy,10,-0.450755,0.6,0.4,0.0
2026-04-04,Econ Daily,9,-0.04808888888888891,0.2222222222222222,0.5555555555555556,0.2222222222222222
2026-04-04,Fed,4,-0.45482500000000003,0.75,0.25,0.0
2026-04-04,GDP,2,0.7053,0.0,1.0,0.0
2026-04-04,Growth,9,-0.47865,0.6666666666666666,0.3333333333333333,0.0
2026-04-04,Housing,3,-0.21400000000000005,0.6666666666666666,0.3333333333333333,0.0
2026-04-04,Inflation,3,-0.7685000000000001,1.0,0.0,0.0
2026-04-04,Jobs & Economy,11,0.22456363636363633,0.0,0.9090909090909091,0.09090909090909091
2026-04-04,Oil and energy,8,-0.35515625,0.75,0.25,0.0
2026-04-05,Econ Daily,18,-0.09358888888888892,0.5,0.5,0.0
2026-04-05,Fed,3,-0.5053333333333333,0.6666666666666666,0.3333333333333333,0.0
2026-04-05,Growth,4,0.5393749999999999,0.0,1.0,0.0
2026-04-05,Housing,1,-0.1507,1.0,0.0,0.0
2026-04-05,Inflation,10,-0.19961,0.5,0.3,0.2
2026-04-05,Jobs & Economy,1,-1.2779500000000001,1.0,0.0,0.0
2026-04-05,Oil and energy,7,-0.7075928571428571,0.7142857142857143,0.2857142857142857,0.0
2026-04-06,Econ Daily,22,-0.011284090909090933,0.36363636363636365,0.5,0.13636363636363635
2026-04-06,Fed,3,-0.5379166666666667,1.0,0.0,0.0
2026-04-06,GDP,1,0.0516,0.0,1.0,0.0
2026-04-06,Global Central Banks,3,0.09263333333333333,0.0,0.6666666666666666,0.3333333333333333
2026-04-06,Growth,5,-0.059940000000000035,0.2,0.6,0.2
2026-04-06,Inflation,18,-0.34455277777777776,0.6111111111111112,0.3888888888888889,0.0
2026-04-06,Jobs & Economy,8,0.05461875,0.375,0.375,0.25
2026-04-06,Oil and energy,18,-0.42518888888888884,0.7777777777777778,0.2222222222222222,0.0
2026-04-07,Econ Daily,24,0.02310208333333331,0.2916666666666667,0.625,0.08333333333333333
2026-04-07,Fed,1,-1.49055,1.0,0.0,0.0
2026-04-07,Growth,4,-0.29332500000000006,0.5,0.5,0.0
2026-04-07,Inflation,19,-0.2652473684210526,0.5263157894736842,0.42105263157894735,0.05263157894736842
2026-04-07,Jobs & Economy,1,0.29815,0.0,1.0,0.0
2026-04-07,Oil and energy,20,-0.1490575,0.5,0.4,0.1
2026-04-08,Econ Daily,29,-0.18791034482758623,0.4827586206896552,0.4827586206896552,0.034482758620689655
2026-04-08,Fed,6,0.34845,0.0,1.0,0.0
2026-04-08,GDP,1,0.5445,0.0,1.0,0.0
2026-04-08,Growth,5,-0.92757,0.8,0.2,0.0
2026-04-08,Inflation,17,-0.34496470588235295,0.5294117647058824,0.35294117647058826,0.11764705882352941
2026-04-08,Jobs & Economy,3,-0.24708333333333332,0.3333333333333333,0.0,0.6666666666666666
2026-04-08,Oil and energy,25,-0.12936200000000003,0.44,0.48,0.08
2026-04-09,Econ Daily,29,-0.06303103448275864,0.4827586206896552,0.5172413793103449,0.0
2026-04-09,Fed,5,0.30306,0.0,1.0,0.0
2026-04-09,Global Central Banks,1,-0.04965000000000003,0.0,0.0,1.0
2026-04-09,Growth,5,-0.21111000000000005,0.6,0.4,0.0
2026-04-09,Inflation,13,-0.5670961538461539,0.6153846153846154,0.23076923076923078,0.15384615384615385
2026-04-09,Jobs & Economy,6,-0.023566666666666663,0.3333333333333333,0.16666666666666666,0.5
2026-04-09,Oil and energy,17,-0.07093235294117646,0.29411764705882354,0.6470588235294118,0.058823529411764705
2026-04-10,Econ Daily,20,0.1944725,0.15,0.75,0.1
2026-04-10,Fed,12,-0.21865,0.6666666666666666,0.3333333333333333,0.0
2026-04-10,GDP,1,-0.038449999999999984,0.0,0.0,1.0
2026-04-10,Growth,3,-0.89325,0.6666666666666666,0.3333333333333333,0.0
2026-04-10,Housing,1,0.9244,0.0,1.0,0.0
2026-04-10,Inflation,42,-0.29329404761904765,0.5952380952380952,0.3333333333333333,0.07142857142857142
2026-04-10,Oil and energy,10,-0.04828,0.4,0.4,0.2
2026-04-11,Econ Daily,6,0.5456166666666666,0.0,1.0,0.0
2026-04-11,Fed,8,-0.1943125,0.5,0.5,0.0
2026-04-11,Growth,2,-0.9882500000000001,1.0,0.0,0.0
2026-04-11,Inflation,4,0.21284999999999998,0.25,0.75,0.0
2026-04-11,Jobs & Economy,1,-0.4019,1.0,0.0,0.0
2026-04-11,Oil and energy,6,-0.0862416666666667,0.5,0.5,0.0
2026-04-12,Econ Daily,15,-0.18114333333333338,0.5333333333333333,0.4666666666666667,0.0
2026-04-12,Fed,1,0.0,0.0,0.0,1.0
2026-04-12,Growth,4,-0.5803375000000001,0.5,0.5,0.0
2026-04-12,Housing,2,-0.19065,1.0,0.0,0.0
2026-04-12,Inflation,13,-0.10069615384615387,0.46153846153846156,0.5384615384615384,0.0
2026-04-12,Jobs & Economy,4,-0.1012375,0.5,0.25,0.25
2026-04-12,Oil and energy,18,0.05788055555555554,0.2777777777777778,0.5555555555555556,0.16666666666666666
2026-04-13,Econ Daily,16,0.036543749999999986,0.375,0.625,0.0
2026-04-13,Fed,2,-0.8104500000000001,1.0,0.0,0.0
2026-04-13,GDP,2,0.1887,0.5,0.5,0.0
2026-04-13,Growth,2,-1.34365,1.0,0.0,0.0
2026-04-13,Inflation,16,-0.45591250000000005,0.5625,0.375,0.0625
2026-04-13,Jobs & Economy,2,0.18450000000000005,0.5,0.5,0.0
2026-04-13,Oil and energy,10,-0.433465,0.7,0.2,0.1
2026-04-14,Econ Daily,29,-0.1379793103448276,0.5172413793103449,0.4482758620689655,0.034482758620689655
2026-04-14,Fed,7,0.25597142857142857,0.14285714285714285,0.7142857142857143,0.14285714285714285
2026-04-14,GDP,1,-0.99495,1.0,0.0,0.0
2026-04-14,Global Central Banks,1,-0.42229999999999995,1.0,0.0,0.0
2026-04-14,Growth,8,-0.6914375,0.875,0.125,0.0
2026-04-14,Housing,2,0.68965,0.0,1.0,0.0
2026-04-14,Inflation,13,-0.40454615384615383,0.7692307692307693,0.23076923076923078,0.0
2026-04-14,Jobs & Economy,3,-0.45965000000000006,0.6666666666666666,0.3333333333333333,0.0
2026-04-14,Oil and energy,22,-0.24027727272727273,0.5909090909090909,0.4090909090909091,0.0
2026-04-15,Econ Daily,30,-0.14784333333333335,0.43333333333333335,0.43333333333333335,0.13333333333333333
2026-04-15,Fed,20,-0.3267675,0.85,0.15,0.0
2026-04-15,GDP,3,-0.14460000000000003,0.6666666666666666,0.3333333333333333,0.0
2026-04-15,Global Central Banks,2,-0.63785,1.0,0.0,0.0
2026-04-15,Growth,7,-0.30404285714285717,0.5714285714285714,0.42857142857142855,0.0
2026-04-15,Inflation,12,-0.13438333333333333,0.4166666666666667,0.5,0.08333333333333333
2026-04-15,Jobs & Economy,9,0.11740555555555557,0.3333333333333333,0.4444444444444444,0.2222222222222222
2026-04-15,Oil and energy,19,-0.31391842105263157,0.47368421052631576,0.47368421052631576,0.05263157894736842
2026-04-16,Econ Daily,33,0.08625757575757576,0.30303030303030304,0.6666666666666666,0.030303030303030304
2026-04-16,Fed,5,-0.06364000000000002,0.6,0.4,0.0
2026-04-16,GDP,2,0.137125,0.5,0.5,0.0
2026-04-16,Global Central Banks,1,0.2263,0.0,1.0,0.0
2026-04-16,Growth,11,0.08617727272727273,0.36363636363636365,0.6363636363636364,0.0
2026-04-16,Housing,1,-0.8481,1.0,0.0,0.0
2026-04-16,Inflation,4,-0.38688750000000005,0.5,0.5,0.0
2026-04-16,Jobs & Economy,6,-0.46918333333333334,0.5,0.16666666666666666,0.3333333333333333
2026-04-16,Oil and energy,17,-0.23421470588235294,0.5882352941176471,0.35294117647058826,0.058823529411764705
2026-04-17,Econ Daily,25,-0.14663600000000002,0.52,0.36,0.12
2026-04-17,Fed,3,-0.13053333333333336,0.6666666666666666,0.0,0.3333333333333333
2026-04-17,Global Central Banks,1,0.34724999999999995,0.0,1.0,0.0
2026-04-17,Growth,3,0.26663333333333333,0.3333333333333333,0.6666666666666666,0.0
2026-04-17,Inflation,7,-0.15302857142857146,0.7142857142857143,0.2857142857142857,0.0
2026-04-17,Jobs & Economy,7,-0.3274071428571429,0.7142857142857143,0.2857142857142857,0.0
2026-04-17,Oil and energy,16,-0.220440625,0.5,0.375,0.125
2026-04-18,Econ Daily,16,0.024665624999999983,0.4375,0.5625,0.0
2026-04-18,Fed,6,0.2275666666666667,0.16666666666666666,0.6666666666666666,0.16666666666666666
2026-04-18,GDP,1,-0.4767,1.0,0.0,0.0
2026-04-18,Global Central Banks,1,-0.0237,0.0,0.0,1.0
2026-04-18,Growth,3,-0.42746666666666666,0.6666666666666666,0.3333333333333333,0.0
2026-04-18,Inflation,4,0.29872499999999996,0.0,1.0,0.0
2026-04-18,Jobs & Economy,4,-0.5087875,1.0,0.0,0.0
2026-04-18,Oil and energy,16,0.106671875,0.25,0.6875,0.0625
2026-04-19,Econ Daily,17,-0.1529029411764706,0.47058823529411764,0.47058823529411764,0.058823529411764705
2026-04-19,Fed,1,-1.50035,1.0,0.0,0.0
2026-04-19,Growth,4,-0.033787500000000054,0.25,0.75,0.0
2026-04-19,Inflation,8,-0.71918125,0.875,0.125,0.0
2026-04-19,Jobs & Economy,2,0.24632499999999996,0.5,0.5,0.0
2026-04-19,Oil and energy,11,0.2609545454545455,0.09090909090909091,0.9090909090909091,0.0
2026-04-20,Econ Daily,21,-0.16799761904761906,0.5238095238095238,0.47619047619047616,0.0
2026-04-20,Fed,3,-0.44545000000000007,0.6666666666666666,0.3333333333333333,0.0
2026-04-20,GDP,1,0.25085,0.0,1.0,0.0
2026-04-20,Global Central Banks,1,0.2263,0.0,1.0,0.0
2026-04-20,Growth,3,0.00978333333333333,0.6666666666666666,0.3333333333333333,0.0
2026-04-20,Housing,1,0.0,0.0,0.0,1.0
2026-04-20,Inflation,5,0.26559,0.2,0.8,0.0
2026-04-20,Jobs & Economy,3,-0.27743333333333337,0.3333333333333333,0.6666666666666666,0.0
2026-04-20,Oil and energy,13,-0.00923076923076923,0.46153846153846156,0.5384615384615384,0.0
2026-04-21,Econ Daily,25,-0.15527400000000002,0.52,0.48,0.0
2026-04-21,Fed,20,-0.006770000000000015,0.35,0.45,0.2
2026-04-21,GDP,1,0.3035,0.0,1.0,0.0
2026-04-21,Global Central Banks,1,0.0,0.0,0.0,1.0
2026-04-21,Growth,7,-0.057278571428571415,0.5714285714285714,0.42857142857142855,0.0
2026-04-21,Inflation,6,-0.2668333333333333,0.6666666666666666,0.3333333333333333,0.0
2026-04-21,Jobs & Economy,2,-0.15704999999999997,1.0,0.0,0.0
2026-04-21,Oil and energy,6,-0.250125,0.3333333333333333,0.6666666666666666,0.0
2026-04-22,Econ Daily,26,-0.1775423076923077,0.46153846153846156,0.4230769230769231,0.11538461538461539
2026-04-22,Fed,7,0.12895714285714285,0.2857142857142857,0.7142857142857143,0.0
2026-04-22,GDP,1,-0.6353500000000001,1.0,0.0,0.0
2026-04-22,Growth,1,-0.5203,1.0,0.0,0.0
2026-04-22,Inflation,5,-0.37968,0.6,0.4,0.0
2026-04-22,Jobs & Economy,1,-0.3986,1.0,0.0,0.0
2026-04-22,Oil and energy,5,0.11319999999999997,0.6,0.4,0.0
2026-04-23,Econ Daily,30,-0.01962333333333335,0.43333333333333335,0.5666666666666667,0.0
2026-04-23,Fed,3,-0.8075333333333333,0.6666666666666666,0.3333333333333333,0.0
2026-04-23,Growth,1,0.79855,0.0,1.0,0.0
2026-04-23,Housing,1,0.66115,0.0,1.0,0.0
2026-04-23,Inflation,4,-0.04332500000000003,0.25,0.5,0.25
2026-04-23,Jobs & Economy,8,-0.16750625000000002,0.5,0.25,0.25
2026-04-23,Oil and energy,4,-0.86255,1.0,0.0,0.0
2026-04-24,Econ Daily,24,-0.21811458333333336,0.5416666666666666,0.4583333333333333,0.0
2026-04-24,Fed,20,-0.046440000000000016,0.45,0.55,0.0
2026-04-24,GDP,1,-0.3685,1.0,0.0,0.0
2026-04-24,Growth,2,-1.5418,1.0,0.0,0.0
2026-04-24,Inflation,8,-0.11875000000000001,0.5,0.375,0.125
2026-04-24,Jobs & Economy,1,-0.4907,1.0,0.0,0.0
2026-04-24,Oil and energy,7,0.21995714285714282,0.2857142857142857,0.7142857142857143,0.0
2026-04-25,Econ Daily,14,0.10846428571428568,0.35714285714285715,0.5,0.14285714285714285
2026-04-25,Fed,5,0.11181,0.2,0.8,0.0
2026-04-25,Global Central Banks,2,0.23962499999999998,0.0,0.5,0.5
2026-04-25,Inflation,8,0.49424999999999997,0.0,1.0,0.0
2026-04-25,Jobs & Economy,4,-0.4197000000000001,0.5,0.0,0.5
2026-04-25,Oil and energy,3,0.15401666666666666,0.0,0.6666666666666666,0.3333333333333333
2026-04-26,Econ Daily,15,-0.02772000000000002,0.3333333333333333,0.5333333333333333,0.13333333333333333
2026-04-26,Fed,6,0.3232333333333333,0.0,1.0,0.0
2026-04-26,Growth,1,0.8996999999999999,0.0,1.0,0.0
2026-04-26,Inflation,6,-0.03455833333333334,0.3333333333333333,0.6666666666666666,0.0
2026-04-26,Oil and energy,2,0.37204999999999994,0.0,1.0,0.0
2026-04-27,Econ Daily,16,-0.12870312500000003,0.4375,0.5625,0.0
2026-04-27,Fed,4,0.24062499999999998,0.25,0.5,0.25
2026-04-27,GDP,2,-0.235525,1.0,0.0,0.0
2026-04-27,Global Central Banks,2,0.308975,0.0,1.0,0.0
2026-04-27,Growth,4,0.04691250000000001,0.5,0.5,0.0
2026-04-27,Housing,2,0.520725,0.0,1.0,0.0
2026-04-27,Inflation,8,0.10349999999999995,0.25,0.625,0.125
2026-04-27,Oil and energy,9,-0.11949444444444444,0.4444444444444444,0.5555555555555556,0.0
2026-04-28,Econ Daily,28,0.03609107142857142,0.32142857142857145,0.6071428571428571,0.07142857142857142
2026-04-28,Fed,3,0.09011666666666666,0.3333333333333333,0.6666666666666666,0.0
2026-04-28,GDP,1,-0.6189,1.0,0.0,0.0
2026-04-28,Global Central Banks,1,-0.2216,1.0,0.0,0.0
2026-04-28,Growth,5,-0.09471000000000004,0.4,0.6,0.0
2026-04-28,Housing,3,-0.1849666666666667,0.3333333333333333,0.6666666666666666,0.0
2026-04-28,Inflation,5,-0.09067000000000003,0.4,0.6,0.0
2026-04-28,Jobs & Economy,2,-0.21822500000000006,0.5,0.5,0.0
2026-04-28,Oil and energy,17,-0.35192352941176475,0.6470588235294118,0.17647058823529413,0.17647058823529413
